start_date,end_date,start_time,end_time,name,title,description
"August 09, 2020","August 09, 2020",05:12:40,06:12:40,JOHN DOE,At home,I motsly rested this day
"August 10, 2020","August 10, 2020",04:12:40,06:12:40,JOHN DOE,At home,I motsly rested this day
"August 19, 2020","August 19, 2020",07:12:40,08:12:40,JOHN DOE,At home,I motsly rested this day
"August 09, 2020","August 09, 2020",05:12:40,08:12:40,JOHN DOE,At home,I motsly rested this day
"August 09, 2020","August 09, 2020",05:12:40,05:12:40,JOHN DOE,At home,I motsly rested this day
"August 09, 2020","August 09, 2020",01:12:40,02:12:40,JOHN DOE,At home,I motsly rested this day
"August 09, 2021","August 09, 2021",01:12:40,02:12:40,JOHN DOE,At home,I motsly rested this day
"August 09, 2022","August 09, 2022",01:12:40,02:12:40,JOHN DOE,At home,I motsly rested this day
"August 09, 2023","August 09, 2023",01:12:40,02:12:40,JOHN DOE,At home,I motsly rested this day
"August 09, 2024","August 09, 2024",01:12:40,02:12:40,JOHN DOE,At home,I motsly rested this day
"August 09, 2025","August 09, 2025",01:12:40,02:12:40,JOHN DOE,At home,I motsly rested this day
"August 09, 2026","August 09, 2026",01:12:40,02:12:40,JOHN DOE,At home,I motsly rested this day
"August 09, 2027","August 09, 2027",01:12:40,02:12:40,JOHN DOE,At home,I motsly rested this day
"August 09, 2028","August 09, 2028",01:12:40,02:12:40,JOHN DOE,At home,I motsly rested this day
"August 09, 2029","August 09, 2029",01:12:40,02:12:40,JOHN DOE,At home,I motsly rested this day
"August 09, 2030","August 09, 2030",01:12:40,02:12:40,JOHN DOE,At home,I motsly rested this day
"August 09, 2031","August 09, 2031",01:12:40,02:12:40,JOHN DOE,At home,I motsly rested this day
"August 09, 2032","August 09, 2032",01:12:40,02:12:40,JOHN DOE,At home,I motsly rested this day
"August 09, 2033","August 09, 2033",01:12:40,02:12:40,JOHN DOE,At home,I motsly rested this day
"August 09, 2034","August 09, 2034",01:12:40,02:12:40,JOHN DOE,At home,I motsly rested this day
"August 09, 2035","August 09, 2035",01:12:40,02:12:40,JOHN DOE,At home,I motsly rested this day
"August 09, 2036","August 09, 2036",01:12:40,02:12:40,JOHN DOE,At home,I motsly rested this day
"August 09, 2037","August 09, 2037",01:12:40,02:12:40,JOHN DOE,At home,I motsly rested this day
"August 09, 2038","August 09, 2038",01:12:40,02:12:40,JOHN DOE,At home,I motsly rested this day
"August 09, 2039","August 09, 2039",01:12:40,02:12:40,JOHN DOE,At home,I motsly rested this day
"August 09, 2040","August 09, 2040",01:12:40,02:12:40,JOHN DOE,At home,I motsly rested this day
"August 09, 2041","August 09, 2041",01:12:40,02:12:40,JOHN DOE,At home,I motsly rested this day
"August 09, 2042","August 09, 2042",01:12:40,02:12:40,JOHN DOE,At home,I motsly rested this day
"August 09, 2043","August 09, 2043",01:12:40,02:12:40,JOHN DOE,At home,I motsly rested this day
"August 09, 2044","August 09, 2044",01:12:40,02:12:40,JOHN DOE,At home,I motsly rested this day
"August 09, 2045","August 09, 2045",01:12:40,02:12:40,JOHN DOE,At home,I motsly rested this day
"August 09, 2046","August 09, 2046",01:12:40,02:12:40,JOHN DOE,At home,I motsly rested this day
"August 09, 2047","August 09, 2047",01:12:40,02:12:40,JOHN DOE,At home,I motsly rested this day
"August 09, 2048","August 09, 2048",01:12:40,02:12:40,JOHN DOE,At home,I motsly rested this day
"August 09, 2049","August 09, 2049",01:12:40,02:12:40,JOHN DOE,At home,I motsly rested this day
"August 09, 2050","August 09, 2050",01:12:40,02:12:40,JOHN DOE,At home,I motsly rested this day
"August 09, 2051","August 09, 2051",01:12:40,02:12:40,JOHN DOE,At home,I motsly rested this day
"August 09, 2052","August 09, 2052",01:12:40,02:12:40,JOHN DOE,At home,I motsly rested this day
"August 09, 2053","August 09, 2053",01:12:40,02:12:40,JOHN DOE,At home,I motsly rested this day
"August 09, 2054","August 09, 2054",01:12:40,02:12:40,JOHN DOE,At home,I motsly rested this day
"August 09, 2055","August 09, 2055",01:12:40,02:12:40,JOHN DOE,At home,I motsly rested this day
"August 09, 2056","August 09, 2056",01:12:40,02:12:40,JOHN DOE,At home,I motsly rested this day
"August 09, 2057","August 09, 2057",01:12:40,02:12:40,JOHN DOE,At home,I motsly rested this day
"August 09, 2058","August 09, 2058",01:12:40,02:12:40,JOHN DOE,At home,I motsly rested this day
"August 09, 2059","August 09, 2059",01:12:40,02:12:40,JOHN DOE,At home,I motsly rested this day
"August 09, 2060","August 09, 2060",01:12:40,02:12:40,JOHN DOE,At home,I motsly rested this day
"August 09, 2061","August 09, 2061",01:12:40,02:12:40,JOHN DOE,At home,I motsly rested this day
"August 09, 2062","August 09, 2062",01:12:40,02:12:40,JOHN DOE,At home,I motsly rested this day
"August 09, 2063","August 09, 2063",01:12:40,02:12:40,JOHN DOE,At home,I motsly rested this day
"August 09, 2064","August 09, 2064",01:12:40,02:12:40,JOHN DOE,At home,I motsly rested this day
"August 09, 2065","August 09, 2065",01:12:40,02:12:40,JOHN DOE,At home,I motsly rested this day
"August 09, 2066","August 09, 2066",01:12:40,02:12:40,JOHN DOE,At home,I motsly rested this day
"August 09, 2067","August 09, 2067",01:12:40,02:12:40,JOHN DOE,At home,I motsly rested this day
"August 09, 2068","August 09, 2068",01:12:40,02:12:40,JOHN DOE,At home,I motsly rested this day
"August 09, 2069","August 09, 2069",01:12:40,02:12:40,JOHN DOE,At home,I motsly rested this day
"August 09, 2070","August 09, 2070",01:12:40,02:12:40,JOHN DOE,At home,I motsly rested this day
"August 09, 2071","August 09, 2071",01:12:40,02:12:40,JOHN DOE,At home,I motsly rested this day
"August 09, 2072","August 09, 2072",01:12:40,02:12:40,JOHN DOE,At home,I motsly rested this day
"August 09, 2073","August 09, 2073",01:12:40,02:12:40,JOHN DOE,At home,I motsly rested this day
"August 09, 2074","August 09, 2074",01:12:40,02:12:40,JOHN DOE,At home,I motsly rested this day
"August 09, 2075","August 09, 2075",01:12:40,02:12:40,JOHN DOE,At home,I motsly rested this day
"August 09, 2076","August 09, 2076",01:12:40,02:12:40,JOHN DOE,At home,I motsly rested this day
"August 09, 2077","August 09, 2077",01:12:40,02:12:40,JOHN DOE,At home,I motsly rested this day
"August 09, 2078","August 09, 2078",01:12:40,02:12:40,JOHN DOE,At home,I motsly rested this day
"August 09, 2079","August 09, 2079",01:12:40,02:12:40,JOHN DOE,At home,I motsly rested this day
"August 09, 2080","August 09, 2080",01:12:40,02:12:40,JOHN DOE,At home,I motsly rested this day
"August 09, 2081","August 09, 2081",01:12:40,02:12:40,JOHN DOE,At home,I motsly rested this day
"August 09, 2082","August 09, 2082",01:12:40,02:12:40,JOHN DOE,At home,I motsly rested this day
"August 09, 2083","August 09, 2083",01:12:40,02:12:40,JOHN DOE,At home,I motsly rested this day
"August 09, 2084","August 09, 2084",01:12:40,02:12:40,JOHN DOE,At home,I motsly rested this day
"August 09, 2085","August 09, 2085",01:12:40,02:12:40,JOHN DOE,At home,I motsly rested this day
"August 09, 2086","August 09, 2086",01:12:40,02:12:40,JOHN DOE,At home,I motsly rested this day
"August 09, 2087","August 09, 2087",01:12:40,02:12:40,JOHN DOE,At home,I motsly rested this day
"August 09, 2088","August 09, 2088",01:12:40,02:12:40,JOHN DOE,At home,I motsly rested this day
"August 09, 2089","August 09, 2089",01:12:40,02:12:40,JOHN DOE,At home,I motsly rested this day
"August 09, 2090","August 09, 2090",01:12:40,02:12:40,JOHN DOE,At home,I motsly rested this day
"August 09, 2091","August 09, 2091",01:12:40,02:12:40,JOHN DOE,At home,I motsly rested this day
"August 09, 2092","August 09, 2092",01:12:40,02:12:40,JOHN DOE,At home,I motsly rested this day
"August 09, 2093","August 09, 2093",01:12:40,02:12:40,JOHN DOE,At home,I motsly rested this day
"August 09, 2094","August 09, 2094",01:12:40,02:12:40,JOHN DOE,At home,I motsly rested this day
"August 09, 2095","August 09, 2095",01:12:40,02:12:40,JOHN DOE,At home,I motsly rested this day
"August 09, 2096","August 09, 2096",01:12:40,02:12:40,JOHN DOE,At home,I motsly rested this day
"August 09, 2097","August 09, 2097",01:12:40,02:12:40,JOHN DOE,At home,I motsly rested this day
"August 09, 2098","August 09, 2098",01:12:40,02:12:40,JOHN DOE,At home,I motsly rested this day
"August 09, 2099","August 09, 2099",01:12:40,02:12:40,JOHN DOE,At home,I motsly rested this day
"August 09, 2100","August 09, 2100",01:12:40,02:12:40,JOHN DOE,At home,I motsly rested this day
"August 09, 2101","August 09, 2101",01:12:40,02:12:40,JOHN DOE,At home,I motsly rested this day
"August 09, 2102","August 09, 2102",01:12:40,02:12:40,JOHN DOE,At home,I motsly rested this day
"August 09, 2103","August 09, 2103",01:12:40,02:12:40,JOHN DOE,At home,I motsly rested this day
"August 09, 2104","August 09, 2104",01:12:40,02:12:40,JOHN DOE,At home,I motsly rested this day
"August 09, 2105","August 09, 2105",01:12:40,02:12:40,JOHN DOE,At home,I motsly rested this day
"August 09, 2106","August 09, 2106",01:12:40,02:12:40,JOHN DOE,At home,I motsly rested this day
"August 09, 2107","August 09, 2107",01:12:40,02:12:40,JOHN DOE,At home,I motsly rested this day
"August 09, 2108","August 09, 2108",01:12:40,02:12:40,JOHN DOE,At home,I motsly rested this day
"August 09, 2109","August 09, 2109",01:12:40,02:12:40,JOHN DOE,At home,I motsly rested this day
"August 09, 2110","August 09, 2110",01:12:40,02:12:40,JOHN DOE,At home,I motsly rested this day
"August 09, 2111","August 09, 2111",01:12:40,02:12:40,JOHN DOE,At home,I motsly rested this day
"August 09, 2112","August 09, 2112",01:12:40,02:12:40,JOHN DOE,At home,I motsly rested this day
"August 09, 2113","August 09, 2113",01:12:40,02:12:40,JOHN DOE,At home,I motsly rested this day
"August 09, 2114","August 09, 2114",01:12:40,02:12:40,JOHN DOE,At home,I motsly rested this day
"August 09, 2115","August 09, 2115",01:12:40,02:12:40,JOHN DOE,At home,I motsly rested this day
"August 09, 2116","August 09, 2116",01:12:40,02:12:40,JOHN DOE,At home,I motsly rested this day
"August 09, 2117","August 09, 2117",01:12:40,02:12:40,JOHN DOE,At home,I motsly rested this day
"August 09, 2118","August 09, 2118",01:12:40,02:12:40,JOHN DOE,At home,I motsly rested this day
"August 09, 2119","August 09, 2119",01:12:40,02:12:40,JOHN DOE,At home,I motsly rested this day
"August 09, 2120","August 09, 2120",01:12:40,02:12:40,JOHN DOE,At home,I motsly rested this day
"August 09, 2121","August 09, 2121",01:12:40,02:12:40,JOHN DOE,At home,I motsly rested this day
"August 09, 2122","August 09, 2122",01:12:40,02:12:40,JOHN DOE,At home,I motsly rested this day
"August 09, 2123","August 09, 2123",01:12:40,02:12:40,JOHN DOE,At home,I motsly rested this day
"August 09, 2124","August 09, 2124",01:12:40,02:12:40,JOHN DOE,At home,I motsly rested this day
"August 09, 2125","August 09, 2125",01:12:40,02:12:40,JOHN DOE,At home,I motsly rested this day
"August 09, 2126","August 09, 2126",01:12:40,02:12:40,JOHN DOE,At home,I motsly rested this day
"August 09, 2127","August 09, 2127",01:12:40,02:12:40,JOHN DOE,At home,I motsly rested this day
"August 09, 2128","August 09, 2128",01:12:40,02:12:40,JOHN DOE,At home,I motsly rested this day
"August 09, 2129","August 09, 2129",01:12:40,02:12:40,JOHN DOE,At home,I motsly rested this day
"August 09, 2130","August 09, 2130",01:12:40,02:12:40,JOHN DOE,At home,I motsly rested this day
"August 09, 2131","August 09, 2131",01:12:40,02:12:40,JOHN DOE,At home,I motsly rested this day
"August 09, 2132","August 09, 2132",01:12:40,02:12:40,JOHN DOE,At home,I motsly rested this day
"August 09, 2133","August 09, 2133",01:12:40,02:12:40,JOHN DOE,At home,I motsly rested this day
"August 09, 2134","August 09, 2134",01:12:40,02:12:40,JOHN DOE,At home,I motsly rested this day
"August 09, 2135","August 09, 2135",01:12:40,02:12:40,JOHN DOE,At home,I motsly rested this day
"August 09, 2136","August 09, 2136",01:12:40,02:12:40,JOHN DOE,At home,I motsly rested this day
"August 09, 2137","August 09, 2137",01:12:40,02:12:40,JOHN DOE,At home,I motsly rested this day
"August 09, 2138","August 09, 2138",01:12:40,02:12:40,JOHN DOE,At home,I motsly rested this day
"August 09, 2139","August 09, 2139",01:12:40,02:12:40,JOHN DOE,At home,I motsly rested this day
"August 09, 2140","August 09, 2140",01:12:40,02:12:40,JOHN DOE,At home,I motsly rested this day
"August 09, 2141","August 09, 2141",01:12:40,02:12:40,JOHN DOE,At home,I motsly rested this day
"August 09, 2142","August 09, 2142",01:12:40,02:12:40,JOHN DOE,At home,I motsly rested this day
"August 09, 2143","August 09, 2143",01:12:40,02:12:40,JOHN DOE,At home,I motsly rested this day
"August 09, 2144","August 09, 2144",01:12:40,02:12:40,JOHN DOE,At home,I motsly rested this day
"August 09, 2145","August 09, 2145",01:12:40,02:12:40,JOHN DOE,At home,I motsly rested this day
"August 09, 2146","August 09, 2146",01:12:40,02:12:40,JOHN DOE,At home,I motsly rested this day
"August 09, 2147","August 09, 2147",01:12:40,02:12:40,JOHN DOE,At home,I motsly rested this day
"August 09, 2148","August 09, 2148",01:12:40,02:12:40,JOHN DOE,At home,I motsly rested this day
"August 09, 2149","August 09, 2149",01:12:40,02:12:40,JOHN DOE,At home,I motsly rested this day
"August 09, 2150","August 09, 2150",01:12:40,02:12:40,JOHN DOE,At home,I motsly rested this day
"August 09, 2151","August 09, 2151",01:12:40,02:12:40,JOHN DOE,At home,I motsly rested this day
"August 09, 2152","August 09, 2152",01:12:40,02:12:40,JOHN DOE,At home,I motsly rested this day
"August 09, 2153","August 09, 2153",01:12:40,02:12:40,JOHN DOE,At home,I motsly rested this day
"August 09, 2154","August 09, 2154",01:12:40,02:12:40,JOHN DOE,At home,I motsly rested this day
"August 09, 2155","August 09, 2155",01:12:40,02:12:40,JOHN DOE,At home,I motsly rested this day
"August 09, 2156","August 09, 2156",01:12:40,02:12:40,JOHN DOE,At home,I motsly rested this day
"August 09, 2157","August 09, 2157",01:12:40,02:12:40,JOHN DOE,At home,I motsly rested this day
"August 09, 2158","August 09, 2158",01:12:40,02:12:40,JOHN DOE,At home,I motsly rested this day
"August 09, 2159","August 09, 2159",01:12:40,02:12:40,JOHN DOE,At home,I motsly rested this day
"August 09, 2160","August 09, 2160",01:12:40,02:12:40,JOHN DOE,At home,I motsly rested this day
"August 09, 2161","August 09, 2161",01:12:40,02:12:40,JOHN DOE,At home,I motsly rested this day
"August 09, 2162","August 09, 2162",01:12:40,02:12:40,JOHN DOE,At home,I motsly rested this day
"August 09, 2163","August 09, 2163",01:12:40,02:12:40,JOHN DOE,At home,I motsly rested this day
"August 09, 2164","August 09, 2164",01:12:40,02:12:40,JOHN DOE,At home,I motsly rested this day
"August 09, 2165","August 09, 2165",01:12:40,02:12:40,JOHN DOE,At home,I motsly rested this day
"August 09, 2166","August 09, 2166",01:12:40,02:12:40,JOHN DOE,At home,I motsly rested this day
"August 09, 2167","August 09, 2167",01:12:40,02:12:40,JOHN DOE,At home,I motsly rested this day
"August 09, 2168","August 09, 2168",01:12:40,02:12:40,JOHN DOE,At home,I motsly rested this day
"August 09, 2169","August 09, 2169",01:12:40,02:12:40,JOHN DOE,At home,I motsly rested this day
"August 09, 2170","August 09, 2170",01:12:40,02:12:40,JOHN DOE,At home,I motsly rested this day
"August 09, 2171","August 09, 2171",01:12:40,02:12:40,JOHN DOE,At home,I motsly rested this day
"August 09, 2172","August 09, 2172",01:12:40,02:12:40,JOHN DOE,At home,I motsly rested this day
"August 09, 2173","August 09, 2173",01:12:40,02:12:40,JOHN DOE,At home,I motsly rested this day
"August 09, 2174","August 09, 2174",01:12:40,02:12:40,JOHN DOE,At home,I motsly rested this day
"August 09, 2175","August 09, 2175",01:12:40,02:12:40,JOHN DOE,At home,I motsly rested this day
"August 09, 2176","August 09, 2176",01:12:40,02:12:40,JOHN DOE,At home,I motsly rested this day
"August 09, 2177","August 09, 2177",01:12:40,02:12:40,JOHN DOE,At home,I motsly rested this day
"August 09, 2178","August 09, 2178",01:12:40,02:12:40,JOHN DOE,At home,I motsly rested this day
"August 09, 2179","August 09, 2179",01:12:40,02:12:40,JOHN DOE,At home,I motsly rested this day
"August 09, 2180","August 09, 2180",01:12:40,02:12:40,JOHN DOE,At home,I motsly rested this day
"August 09, 2181","August 09, 2181",01:12:40,02:12:40,JOHN DOE,At home,I motsly rested this day
"August 09, 2182","August 09, 2182",01:12:40,02:12:40,JOHN DOE,At home,I motsly rested this day
"August 09, 2183","August 09, 2183",01:12:40,02:12:40,JOHN DOE,At home,I motsly rested this day
"August 09, 2184","August 09, 2184",01:12:40,02:12:40,JOHN DOE,At home,I motsly rested this day
"August 09, 2185","August 09, 2185",01:12:40,02:12:40,JOHN DOE,At home,I motsly rested this day
"August 09, 2186","August 09, 2186",01:12:40,02:12:40,JOHN DOE,At home,I motsly rested this day
"August 09, 2187","August 09, 2187",01:12:40,02:12:40,JOHN DOE,At home,I motsly rested this day
"August 09, 2188","August 09, 2188",01:12:40,02:12:40,JOHN DOE,At home,I motsly rested this day
"August 09, 2189","August 09, 2189",01:12:40,02:12:40,JOHN DOE,At home,I motsly rested this day
"August 09, 2190","August 09, 2190",01:12:40,02:12:40,JOHN DOE,At home,I motsly rested this day
"August 09, 2191","August 09, 2191",01:12:40,02:12:40,JOHN DOE,At home,I motsly rested this day
"August 09, 2192","August 09, 2192",01:12:40,02:12:40,JOHN DOE,At home,I motsly rested this day
"August 09, 2193","August 09, 2193",01:12:40,02:12:40,JOHN DOE,At home,I motsly rested this day
"August 09, 2194","August 09, 2194",01:12:40,02:12:40,JOHN DOE,At home,I motsly rested this day
"August 09, 2195","August 09, 2195",01:12:40,02:12:40,JOHN DOE,At home,I motsly rested this day
"August 09, 2196","August 09, 2196",01:12:40,02:12:40,JOHN DOE,At home,I motsly rested this day
"August 09, 2197","August 09, 2197",01:12:40,02:12:40,JOHN DOE,At home,I motsly rested this day
"August 09, 2198","August 09, 2198",01:12:40,02:12:40,JOHN DOE,At home,I motsly rested this day
"August 09, 2199","August 09, 2199",01:12:40,02:12:40,JOHN DOE,At home,I motsly rested this day
"August 09, 2200","August 09, 2200",01:12:40,02:12:40,JOHN DOE,At home,I motsly rested this day
"August 09, 2201","August 09, 2201",01:12:40,02:12:40,JOHN DOE,At home,I motsly rested this day
"August 09, 2202","August 09, 2202",01:12:40,02:12:40,JOHN DOE,At home,I motsly rested this day
"August 09, 2203","August 09, 2203",01:12:40,02:12:40,JOHN DOE,At home,I motsly rested this day
"August 09, 2204","August 09, 2204",01:12:40,02:12:40,JOHN DOE,At home,I motsly rested this day
"August 09, 2205","August 09, 2205",01:12:40,02:12:40,JOHN DOE,At home,I motsly rested this day
"August 09, 2206","August 09, 2206",01:12:40,02:12:40,JOHN DOE,At home,I motsly rested this day
"August 09, 2207","August 09, 2207",01:12:40,02:12:40,JOHN DOE,At home,I motsly rested this day
"August 09, 2208","August 09, 2208",01:12:40,02:12:40,JOHN DOE,At home,I motsly rested this day
"August 09, 2209","August 09, 2209",01:12:40,02:12:40,JOHN DOE,At home,I motsly rested this day
"August 09, 2210","August 09, 2210",01:12:40,02:12:40,JOHN DOE,At home,I motsly rested this day
"August 09, 2211","August 09, 2211",01:12:40,02:12:40,JOHN DOE,At home,I motsly rested this day
"August 09, 2212","August 09, 2212",01:12:40,02:12:40,JOHN DOE,At home,I motsly rested this day
"August 09, 2213","August 09, 2213",01:12:40,02:12:40,JOHN DOE,At home,I motsly rested this day
"August 09, 2214","August 09, 2214",01:12:40,02:12:40,JOHN DOE,At home,I motsly rested this day
"August 09, 2215","August 09, 2215",01:12:40,02:12:40,JOHN DOE,At home,I motsly rested this day
"August 09, 2216","August 09, 2216",01:12:40,02:12:40,JOHN DOE,At home,I motsly rested this day
"August 09, 2217","August 09, 2217",01:12:40,02:12:40,JOHN DOE,At home,I motsly rested this day
"August 09, 2218","August 09, 2218",01:12:40,02:12:40,JOHN DOE,At home,I motsly rested this day
"August 09, 2219","August 09, 2219",01:12:40,02:12:40,JOHN DOE,At home,I motsly rested this day
"August 09, 2220","August 09, 2220",01:12:40,02:12:40,JOHN DOE,At home,I motsly rested this day
"August 09, 2221","August 09, 2221",01:12:40,02:12:40,JOHN DOE,At home,I motsly rested this day
"August 09, 2222","August 09, 2222",01:12:40,02:12:40,JOHN DOE,At home,I motsly rested this day
"August 09, 2223","August 09, 2223",01:12:40,02:12:40,JOHN DOE,At home,I motsly rested this day
"August 09, 2224","August 09, 2224",01:12:40,02:12:40,JOHN DOE,At home,I motsly rested this day
"August 09, 2225","August 09, 2225",01:12:40,02:12:40,JOHN DOE,At home,I motsly rested this day
"August 09, 2226","August 09, 2226",01:12:40,02:12:40,JOHN DOE,At home,I motsly rested this day
"August 09, 2227","August 09, 2227",01:12:40,02:12:40,JOHN DOE,At home,I motsly rested this day
"August 09, 2228","August 09, 2228",01:12:40,02:12:40,JOHN DOE,At home,I motsly rested this day
"August 09, 2229","August 09, 2229",01:12:40,02:12:40,JOHN DOE,At home,I motsly rested this day
"August 09, 2230","August 09, 2230",01:12:40,02:12:40,JOHN DOE,At home,I motsly rested this day
"August 09, 2231","August 09, 2231",01:12:40,02:12:40,JOHN DOE,At home,I motsly rested this day
"August 09, 2232","August 09, 2232",01:12:40,02:12:40,JOHN DOE,At home,I motsly rested this day
"August 09, 2233","August 09, 2233",01:12:40,02:12:40,JOHN DOE,At home,I motsly rested this day
"August 09, 2234","August 09, 2234",01:12:40,02:12:40,JOHN DOE,At home,I motsly rested this day
"August 09, 2235","August 09, 2235",01:12:40,02:12:40,JOHN DOE,At home,I motsly rested this day
"August 09, 2236","August 09, 2236",01:12:40,02:12:40,JOHN DOE,At home,I motsly rested this day
"August 09, 2237","August 09, 2237",01:12:40,02:12:40,JOHN DOE,At home,I motsly rested this day
"August 09, 2238","August 09, 2238",01:12:40,02:12:40,JOHN DOE,At home,I motsly rested this day
"August 09, 2239","August 09, 2239",01:12:40,02:12:40,JOHN DOE,At home,I motsly rested this day
"August 09, 2240","August 09, 2240",01:12:40,02:12:40,JOHN DOE,At home,I motsly rested this day
"August 09, 2241","August 09, 2241",01:12:40,02:12:40,JOHN DOE,At home,I motsly rested this day
"August 09, 2242","August 09, 2242",01:12:40,02:12:40,JOHN DOE,At home,I motsly rested this day
"August 09, 2243","August 09, 2243",01:12:40,02:12:40,JOHN DOE,At home,I motsly rested this day
"August 09, 2244","August 09, 2244",01:12:40,02:12:40,JOHN DOE,At home,I motsly rested this day
"August 09, 2245","August 09, 2245",01:12:40,02:12:40,JOHN DOE,At home,I motsly rested this day
"August 09, 2246","August 09, 2246",01:12:40,02:12:40,JOHN DOE,At home,I motsly rested this day
"August 09, 2247","August 09, 2247",01:12:40,02:12:40,JOHN DOE,At home,I motsly rested this day
"August 09, 2248","August 09, 2248",01:12:40,02:12:40,JOHN DOE,At home,I motsly rested this day
"August 09, 2249","August 09, 2249",01:12:40,02:12:40,JOHN DOE,At home,I motsly rested this day
"August 09, 2250","August 09, 2250",01:12:40,02:12:40,JOHN DOE,At home,I motsly rested this day
"August 09, 2251","August 09, 2251",01:12:40,02:12:40,JOHN DOE,At home,I motsly rested this day
"August 09, 2252","August 09, 2252",01:12:40,02:12:40,JOHN DOE,At home,I motsly rested this day
"August 09, 2253","August 09, 2253",01:12:40,02:12:40,JOHN DOE,At home,I motsly rested this day
"August 09, 2254","August 09, 2254",01:12:40,02:12:40,JOHN DOE,At home,I motsly rested this day
"August 09, 2255","August 09, 2255",01:12:40,02:12:40,JOHN DOE,At home,I motsly rested this day
"August 09, 2256","August 09, 2256",01:12:40,02:12:40,JOHN DOE,At home,I motsly rested this day
"August 09, 2257","August 09, 2257",01:12:40,02:12:40,JOHN DOE,At home,I motsly rested this day
"August 09, 2258","August 09, 2258",01:12:40,02:12:40,JOHN DOE,At home,I motsly rested this day
"August 09, 2259","August 09, 2259",01:12:40,02:12:40,JOHN DOE,At home,I motsly rested this day
"August 09, 2260","August 09, 2260",01:12:40,02:12:40,JOHN DOE,At home,I motsly rested this day
"August 09, 2261","August 09, 2261",01:12:40,02:12:40,JOHN DOE,At home,I motsly rested this day
"August 09, 2262","August 09, 2262",01:12:40,02:12:40,JOHN DOE,At home,I motsly rested this day
"August 09, 2263","August 09, 2263",01:12:40,02:12:40,JOHN DOE,At home,I motsly rested this day
"August 09, 2264","August 09, 2264",01:12:40,02:12:40,JOHN DOE,At home,I motsly rested this day
"August 09, 2265","August 09, 2265",01:12:40,02:12:40,JOHN DOE,At home,I motsly rested this day
"August 09, 2266","August 09, 2266",01:12:40,02:12:40,JOHN DOE,At home,I motsly rested this day
"August 09, 2267","August 09, 2267",01:12:40,02:12:40,JOHN DOE,At home,I motsly rested this day
"August 09, 2268","August 09, 2268",01:12:40,02:12:40,JOHN DOE,At home,I motsly rested this day
"August 09, 2269","August 09, 2269",01:12:40,02:12:40,JOHN DOE,At home,I motsly rested this day
"August 09, 2270","August 09, 2270",01:12:40,02:12:40,JOHN DOE,At home,I motsly rested this day
"August 09, 2271","August 09, 2271",01:12:40,02:12:40,JOHN DOE,At home,I motsly rested this day
"August 09, 2272","August 09, 2272",01:12:40,02:12:40,JOHN DOE,At home,I motsly rested this day
"August 09, 2273","August 09, 2273",01:12:40,02:12:40,JOHN DOE,At home,I motsly rested this day
"August 09, 2274","August 09, 2274",01:12:40,02:12:40,JOHN DOE,At home,I motsly rested this day
"August 09, 2275","August 09, 2275",01:12:40,02:12:40,JOHN DOE,At home,I motsly rested this day
"August 09, 2276","August 09, 2276",01:12:40,02:12:40,JOHN DOE,At home,I motsly rested this day
"August 09, 2277","August 09, 2277",01:12:40,02:12:40,JOHN DOE,At home,I motsly rested this day
"August 09, 2278","August 09, 2278",01:12:40,02:12:40,JOHN DOE,At home,I motsly rested this day
"August 09, 2279","August 09, 2279",01:12:40,02:12:40,JOHN DOE,At home,I motsly rested this day
"August 09, 2280","August 09, 2280",01:12:40,02:12:40,JOHN DOE,At home,I motsly rested this day
"August 09, 2281","August 09, 2281",01:12:40,02:12:40,JOHN DOE,At home,I motsly rested this day
"August 09, 2282","August 09, 2282",01:12:40,02:12:40,JOHN DOE,At home,I motsly rested this day
"August 09, 2283","August 09, 2283",01:12:40,02:12:40,JOHN DOE,At home,I motsly rested this day
"August 09, 2284","August 09, 2284",01:12:40,02:12:40,JOHN DOE,At home,I motsly rested this day
"August 09, 2285","August 09, 2285",01:12:40,02:12:40,JOHN DOE,At home,I motsly rested this day
"August 09, 2286","August 09, 2286",01:12:40,02:12:40,JOHN DOE,At home,I motsly rested this day
"August 09, 2287","August 09, 2287",01:12:40,02:12:40,JOHN DOE,At home,I motsly rested this day
"August 09, 2288","August 09, 2288",01:12:40,02:12:40,JOHN DOE,At home,I motsly rested this day
"August 09, 2289","August 09, 2289",01:12:40,02:12:40,JOHN DOE,At home,I motsly rested this day
"August 09, 2290","August 09, 2290",01:12:40,02:12:40,JOHN DOE,At home,I motsly rested this day
"August 09, 2291","August 09, 2291",01:12:40,02:12:40,JOHN DOE,At home,I motsly rested this day
"August 09, 2292","August 09, 2292",01:12:40,02:12:40,JOHN DOE,At home,I motsly rested this day
"August 09, 2293","August 09, 2293",01:12:40,02:12:40,JOHN DOE,At home,I motsly rested this day
"August 09, 2294","August 09, 2294",01:12:40,02:12:40,JOHN DOE,At home,I motsly rested this day
"August 09, 2295","August 09, 2295",01:12:40,02:12:40,JOHN DOE,At home,I motsly rested this day
"August 09, 2296","August 09, 2296",01:12:40,02:12:40,JOHN DOE,At home,I motsly rested this day
"August 09, 2297","August 09, 2297",01:12:40,02:12:40,JOHN DOE,At home,I motsly rested this day
"August 09, 2298","August 09, 2298",01:12:40,02:12:40,JOHN DOE,At home,I motsly rested this day
"August 09, 2299","August 09, 2299",01:12:40,02:12:40,JOHN DOE,At home,I motsly rested this day
"August 09, 2300","August 09, 2300",01:12:40,02:12:40,JOHN DOE,At home,I motsly rested this day
"August 09, 2301","August 09, 2301",01:12:40,02:12:40,JOHN DOE,At home,I motsly rested this day
"August 09, 2302","August 09, 2302",01:12:40,02:12:40,JOHN DOE,At home,I motsly rested this day
"August 09, 2303","August 09, 2303",01:12:40,02:12:40,JOHN DOE,At home,I motsly rested this day
"August 09, 2304","August 09, 2304",01:12:40,02:12:40,JOHN DOE,At home,I motsly rested this day
"August 09, 2305","August 09, 2305",01:12:40,02:12:40,JOHN DOE,At home,I motsly rested this day
"August 09, 2306","August 09, 2306",01:12:40,02:12:40,JOHN DOE,At home,I motsly rested this day
"August 09, 2307","August 09, 2307",01:12:40,02:12:40,JOHN DOE,At home,I motsly rested this day
"August 09, 2308","August 09, 2308",01:12:40,02:12:40,JOHN DOE,At home,I motsly rested this day
"August 09, 2309","August 09, 2309",01:12:40,02:12:40,JOHN DOE,At home,I motsly rested this day
"August 09, 2310","August 09, 2310",01:12:40,02:12:40,JOHN DOE,At home,I motsly rested this day
"August 09, 2311","August 09, 2311",01:12:40,02:12:40,JOHN DOE,At home,I motsly rested this day
"August 09, 2312","August 09, 2312",01:12:40,02:12:40,JOHN DOE,At home,I motsly rested this day
"August 09, 2313","August 09, 2313",01:12:40,02:12:40,JOHN DOE,At home,I motsly rested this day
"August 09, 2314","August 09, 2314",01:12:40,02:12:40,JOHN DOE,At home,I motsly rested this day
"August 09, 2315","August 09, 2315",01:12:40,02:12:40,JOHN DOE,At home,I motsly rested this day
"August 09, 2316","August 09, 2316",01:12:40,02:12:40,JOHN DOE,At home,I motsly rested this day
"August 09, 2317","August 09, 2317",01:12:40,02:12:40,JOHN DOE,At home,I motsly rested this day
"August 09, 2318","August 09, 2318",01:12:40,02:12:40,JOHN DOE,At home,I motsly rested this day
"August 09, 2319","August 09, 2319",01:12:40,02:12:40,JOHN DOE,At home,I motsly rested this day
"August 09, 2320","August 09, 2320",01:12:40,02:12:40,JOHN DOE,At home,I motsly rested this day
"August 09, 2321","August 09, 2321",01:12:40,02:12:40,JOHN DOE,At home,I motsly rested this day
"August 09, 2322","August 09, 2322",01:12:40,02:12:40,JOHN DOE,At home,I motsly rested this day
"August 09, 2323","August 09, 2323",01:12:40,02:12:40,JOHN DOE,At home,I motsly rested this day
"August 09, 2324","August 09, 2324",01:12:40,02:12:40,JOHN DOE,At home,I motsly rested this day
"August 09, 2325","August 09, 2325",01:12:40,02:12:40,JOHN DOE,At home,I motsly rested this day
"August 09, 2326","August 09, 2326",01:12:40,02:12:40,JOHN DOE,At home,I motsly rested this day
"August 09, 2327","August 09, 2327",01:12:40,02:12:40,JOHN DOE,At home,I motsly rested this day
"August 09, 2328","August 09, 2328",01:12:40,02:12:40,JOHN DOE,At home,I motsly rested this day
"August 09, 2329","August 09, 2329",01:12:40,02:12:40,JOHN DOE,At home,I motsly rested this day
"August 09, 2330","August 09, 2330",01:12:40,02:12:40,JOHN DOE,At home,I motsly rested this day
"August 09, 2331","August 09, 2331",01:12:40,02:12:40,JOHN DOE,At home,I motsly rested this day
"August 09, 2332","August 09, 2332",01:12:40,02:12:40,JOHN DOE,At home,I motsly rested this day
"August 09, 2333","August 09, 2333",01:12:40,02:12:40,JOHN DOE,At home,I motsly rested this day
"August 09, 2334","August 09, 2334",01:12:40,02:12:40,JOHN DOE,At home,I motsly rested this day
"August 09, 2335","August 09, 2335",01:12:40,02:12:40,JOHN DOE,At home,I motsly rested this day
"August 09, 2336","August 09, 2336",01:12:40,02:12:40,JOHN DOE,At home,I motsly rested this day
"August 09, 2337","August 09, 2337",01:12:40,02:12:40,JOHN DOE,At home,I motsly rested this day
"August 09, 2338","August 09, 2338",01:12:40,02:12:40,JOHN DOE,At home,I motsly rested this day
"August 09, 2339","August 09, 2339",01:12:40,02:12:40,JOHN DOE,At home,I motsly rested this day
"August 09, 2340","August 09, 2340",01:12:40,02:12:40,JOHN DOE,At home,I motsly rested this day
"August 09, 2341","August 09, 2341",01:12:40,02:12:40,JOHN DOE,At home,I motsly rested this day
"August 09, 2342","August 09, 2342",01:12:40,02:12:40,JOHN DOE,At home,I motsly rested this day
"August 09, 2343","August 09, 2343",01:12:40,02:12:40,JOHN DOE,At home,I motsly rested this day
"August 09, 2344","August 09, 2344",01:12:40,02:12:40,JOHN DOE,At home,I motsly rested this day
"August 09, 2345","August 09, 2345",01:12:40,02:12:40,JOHN DOE,At home,I motsly rested this day
"August 09, 2346","August 09, 2346",01:12:40,02:12:40,JOHN DOE,At home,I motsly rested this day
"August 09, 2347","August 09, 2347",01:12:40,02:12:40,JOHN DOE,At home,I motsly rested this day
"August 09, 2348","August 09, 2348",01:12:40,02:12:40,JOHN DOE,At home,I motsly rested this day
"August 09, 2349","August 09, 2349",01:12:40,02:12:40,JOHN DOE,At home,I motsly rested this day
"August 09, 2350","August 09, 2350",01:12:40,02:12:40,JOHN DOE,At home,I motsly rested this day
"August 09, 2351","August 09, 2351",01:12:40,02:12:40,JOHN DOE,At home,I motsly rested this day
"August 09, 2352","August 09, 2352",01:12:40,02:12:40,JOHN DOE,At home,I motsly rested this day
"August 09, 2353","August 09, 2353",01:12:40,02:12:40,JOHN DOE,At home,I motsly rested this day
"August 09, 2354","August 09, 2354",01:12:40,02:12:40,JOHN DOE,At home,I motsly rested this day
"August 09, 2355","August 09, 2355",01:12:40,02:12:40,JOHN DOE,At home,I motsly rested this day
"August 09, 2356","August 09, 2356",01:12:40,02:12:40,JOHN DOE,At home,I motsly rested this day
"August 09, 2357","August 09, 2357",01:12:40,02:12:40,JOHN DOE,At home,I motsly rested this day
"August 09, 2358","August 09, 2358",01:12:40,02:12:40,JOHN DOE,At home,I motsly rested this day
"August 09, 2359","August 09, 2359",01:12:40,02:12:40,JOHN DOE,At home,I motsly rested this day
"August 09, 2360","August 09, 2360",01:12:40,02:12:40,JOHN DOE,At home,I motsly rested this day
"August 09, 2361","August 09, 2361",01:12:40,02:12:40,JOHN DOE,At home,I motsly rested this day
"August 09, 2362","August 09, 2362",01:12:40,02:12:40,JOHN DOE,At home,I motsly rested this day
"August 09, 2363","August 09, 2363",01:12:40,02:12:40,JOHN DOE,At home,I motsly rested this day
"August 09, 2364","August 09, 2364",01:12:40,02:12:40,JOHN DOE,At home,I motsly rested this day
"August 09, 2365","August 09, 2365",01:12:40,02:12:40,JOHN DOE,At home,I motsly rested this day
"August 09, 2366","August 09, 2366",01:12:40,02:12:40,JOHN DOE,At home,I motsly rested this day
"August 09, 2367","August 09, 2367",01:12:40,02:12:40,JOHN DOE,At home,I motsly rested this day
"August 09, 2368","August 09, 2368",01:12:40,02:12:40,JOHN DOE,At home,I motsly rested this day
"August 09, 2369","August 09, 2369",01:12:40,02:12:40,JOHN DOE,At home,I motsly rested this day
"August 09, 2370","August 09, 2370",01:12:40,02:12:40,JOHN DOE,At home,I motsly rested this day
"August 09, 2371","August 09, 2371",01:12:40,02:12:40,JOHN DOE,At home,I motsly rested this day
"August 09, 2372","August 09, 2372",01:12:40,02:12:40,JOHN DOE,At home,I motsly rested this day
"August 09, 2373","August 09, 2373",01:12:40,02:12:40,JOHN DOE,At home,I motsly rested this day
"August 09, 2374","August 09, 2374",01:12:40,02:12:40,JOHN DOE,At home,I motsly rested this day
"August 09, 2375","August 09, 2375",01:12:40,02:12:40,JOHN DOE,At home,I motsly rested this day
"August 09, 2376","August 09, 2376",01:12:40,02:12:40,JOHN DOE,At home,I motsly rested this day
"August 09, 2377","August 09, 2377",01:12:40,02:12:40,JOHN DOE,At home,I motsly rested this day
"August 09, 2378","August 09, 2378",01:12:40,02:12:40,JOHN DOE,At home,I motsly rested this day
"August 09, 2379","August 09, 2379",01:12:40,02:12:40,JOHN DOE,At home,I motsly rested this day
"August 09, 2380","August 09, 2380",01:12:40,02:12:40,JOHN DOE,At home,I motsly rested this day
"August 09, 2381","August 09, 2381",01:12:40,02:12:40,JOHN DOE,At home,I motsly rested this day
"August 09, 2382","August 09, 2382",01:12:40,02:12:40,JOHN DOE,At home,I motsly rested this day
"August 09, 2383","August 09, 2383",01:12:40,02:12:40,JOHN DOE,At home,I motsly rested this day
"August 09, 2384","August 09, 2384",01:12:40,02:12:40,JOHN DOE,At home,I motsly rested this day
"August 09, 2385","August 09, 2385",01:12:40,02:12:40,JOHN DOE,At home,I motsly rested this day
"August 09, 2386","August 09, 2386",01:12:40,02:12:40,JOHN DOE,At home,I motsly rested this day
"August 09, 2387","August 09, 2387",01:12:40,02:12:40,JOHN DOE,At home,I motsly rested this day
"August 09, 2388","August 09, 2388",01:12:40,02:12:40,JOHN DOE,At home,I motsly rested this day
"August 09, 2389","August 09, 2389",01:12:40,02:12:40,JOHN DOE,At home,I motsly rested this day
"August 09, 2390","August 09, 2390",01:12:40,02:12:40,JOHN DOE,At home,I motsly rested this day
"August 09, 2391","August 09, 2391",01:12:40,02:12:40,JOHN DOE,At home,I motsly rested this day
"August 09, 2392","August 09, 2392",01:12:40,02:12:40,JOHN DOE,At home,I motsly rested this day
"August 09, 2393","August 09, 2393",01:12:40,02:12:40,JOHN DOE,At home,I motsly rested this day
"August 09, 2394","August 09, 2394",01:12:40,02:12:40,JOHN DOE,At home,I motsly rested this day
"August 09, 2395","August 09, 2395",01:12:40,02:12:40,JOHN DOE,At home,I motsly rested this day
"August 09, 2396","August 09, 2396",01:12:40,02:12:40,JOHN DOE,At home,I motsly rested this day
"August 09, 2397","August 09, 2397",01:12:40,02:12:40,JOHN DOE,At home,I motsly rested this day
"August 09, 2398","August 09, 2398",01:12:40,02:12:40,JOHN DOE,At home,I motsly rested this day
"August 09, 2399","August 09, 2399",01:12:40,02:12:40,JOHN DOE,At home,I motsly rested this day
"August 09, 2400","August 09, 2400",01:12:40,02:12:40,JOHN DOE,At home,I motsly rested this day
"August 09, 2401","August 09, 2401",01:12:40,02:12:40,JOHN DOE,At home,I motsly rested this day
"August 09, 2402","August 09, 2402",01:12:40,02:12:40,JOHN DOE,At home,I motsly rested this day
"August 09, 2403","August 09, 2403",01:12:40,02:12:40,JOHN DOE,At home,I motsly rested this day
"August 09, 2404","August 09, 2404",01:12:40,02:12:40,JOHN DOE,At home,I motsly rested this day
"August 09, 2405","August 09, 2405",01:12:40,02:12:40,JOHN DOE,At home,I motsly rested this day
"August 09, 2406","August 09, 2406",01:12:40,02:12:40,JOHN DOE,At home,I motsly rested this day
"August 09, 2407","August 09, 2407",01:12:40,02:12:40,JOHN DOE,At home,I motsly rested this day
"August 09, 2408","August 09, 2408",01:12:40,02:12:40,JOHN DOE,At home,I motsly rested this day
"August 09, 2409","August 09, 2409",01:12:40,02:12:40,JOHN DOE,At home,I motsly rested this day
"August 09, 2410","August 09, 2410",01:12:40,02:12:40,JOHN DOE,At home,I motsly rested this day
"August 09, 2411","August 09, 2411",01:12:40,02:12:40,JOHN DOE,At home,I motsly rested this day
"August 09, 2412","August 09, 2412",01:12:40,02:12:40,JOHN DOE,At home,I motsly rested this day
"August 09, 2413","August 09, 2413",01:12:40,02:12:40,JOHN DOE,At home,I motsly rested this day
"August 09, 2414","August 09, 2414",01:12:40,02:12:40,JOHN DOE,At home,I motsly rested this day
"August 09, 2415","August 09, 2415",01:12:40,02:12:40,JOHN DOE,At home,I motsly rested this day
"August 09, 2416","August 09, 2416",01:12:40,02:12:40,JOHN DOE,At home,I motsly rested this day
"August 09, 2417","August 09, 2417",01:12:40,02:12:40,JOHN DOE,At home,I motsly rested this day
"August 09, 2418","August 09, 2418",01:12:40,02:12:40,JOHN DOE,At home,I motsly rested this day
"August 09, 2419","August 09, 2419",01:12:40,02:12:40,JOHN DOE,At home,I motsly rested this day
"August 09, 2420","August 09, 2420",01:12:40,02:12:40,JOHN DOE,At home,I motsly rested this day
"August 09, 2421","August 09, 2421",01:12:40,02:12:40,JOHN DOE,At home,I motsly rested this day
"August 09, 2422","August 09, 2422",01:12:40,02:12:40,JOHN DOE,At home,I motsly rested this day
"August 09, 2423","August 09, 2423",01:12:40,02:12:40,JOHN DOE,At home,I motsly rested this day
"August 09, 2424","August 09, 2424",01:12:40,02:12:40,JOHN DOE,At home,I motsly rested this day
"August 09, 2425","August 09, 2425",01:12:40,02:12:40,JOHN DOE,At home,I motsly rested this day
"August 09, 2426","August 09, 2426",01:12:40,02:12:40,JOHN DOE,At home,I motsly rested this day
"August 09, 2427","August 09, 2427",01:12:40,02:12:40,JOHN DOE,At home,I motsly rested this day
"August 09, 2428","August 09, 2428",01:12:40,02:12:40,JOHN DOE,At home,I motsly rested this day
"August 09, 2429","August 09, 2429",01:12:40,02:12:40,JOHN DOE,At home,I motsly rested this day
"August 09, 2430","August 09, 2430",01:12:40,02:12:40,JOHN DOE,At home,I motsly rested this day
"August 09, 2431","August 09, 2431",01:12:40,02:12:40,JOHN DOE,At home,I motsly rested this day
"August 09, 2432","August 09, 2432",01:12:40,02:12:40,JOHN DOE,At home,I motsly rested this day
"August 09, 2433","August 09, 2433",01:12:40,02:12:40,JOHN DOE,At home,I motsly rested this day
"August 09, 2434","August 09, 2434",01:12:40,02:12:40,JOHN DOE,At home,I motsly rested this day
"August 09, 2435","August 09, 2435",01:12:40,02:12:40,JOHN DOE,At home,I motsly rested this day
"August 09, 2436","August 09, 2436",01:12:40,02:12:40,JOHN DOE,At home,I motsly rested this day
"August 09, 2437","August 09, 2437",01:12:40,02:12:40,JOHN DOE,At home,I motsly rested this day
"August 09, 2438","August 09, 2438",01:12:40,02:12:40,JOHN DOE,At home,I motsly rested this day
"August 09, 2439","August 09, 2439",01:12:40,02:12:40,JOHN DOE,At home,I motsly rested this day
"August 09, 2440","August 09, 2440",01:12:40,02:12:40,JOHN DOE,At home,I motsly rested this day
"August 09, 2441","August 09, 2441",01:12:40,02:12:40,JOHN DOE,At home,I motsly rested this day
"August 09, 2442","August 09, 2442",01:12:40,02:12:40,JOHN DOE,At home,I motsly rested this day
"August 09, 2443","August 09, 2443",01:12:40,02:12:40,JOHN DOE,At home,I motsly rested this day
"August 09, 2444","August 09, 2444",01:12:40,02:12:40,JOHN DOE,At home,I motsly rested this day
"August 09, 2445","August 09, 2445",01:12:40,02:12:40,JOHN DOE,At home,I motsly rested this day
"August 09, 2446","August 09, 2446",01:12:40,02:12:40,JOHN DOE,At home,I motsly rested this day
"August 09, 2447","August 09, 2447",01:12:40,02:12:40,JOHN DOE,At home,I motsly rested this day
"August 09, 2448","August 09, 2448",01:12:40,02:12:40,JOHN DOE,At home,I motsly rested this day
"August 09, 2449","August 09, 2449",01:12:40,02:12:40,JOHN DOE,At home,I motsly rested this day
"August 09, 2450","August 09, 2450",01:12:40,02:12:40,JOHN DOE,At home,I motsly rested this day
"August 09, 2451","August 09, 2451",01:12:40,02:12:40,JOHN DOE,At home,I motsly rested this day
"August 09, 2452","August 09, 2452",01:12:40,02:12:40,JOHN DOE,At home,I motsly rested this day
"August 09, 2453","August 09, 2453",01:12:40,02:12:40,JOHN DOE,At home,I motsly rested this day
"August 09, 2454","August 09, 2454",01:12:40,02:12:40,JOHN DOE,At home,I motsly rested this day
"August 09, 2455","August 09, 2455",01:12:40,02:12:40,JOHN DOE,At home,I motsly rested this day
"August 09, 2456","August 09, 2456",01:12:40,02:12:40,JOHN DOE,At home,I motsly rested this day
"August 09, 2457","August 09, 2457",01:12:40,02:12:40,JOHN DOE,At home,I motsly rested this day
"August 09, 2458","August 09, 2458",01:12:40,02:12:40,JOHN DOE,At home,I motsly rested this day
"August 09, 2459","August 09, 2459",01:12:40,02:12:40,JOHN DOE,At home,I motsly rested this day
"August 09, 2460","August 09, 2460",01:12:40,02:12:40,JOHN DOE,At home,I motsly rested this day
"August 09, 2461","August 09, 2461",01:12:40,02:12:40,JOHN DOE,At home,I motsly rested this day
"August 09, 2462","August 09, 2462",01:12:40,02:12:40,JOHN DOE,At home,I motsly rested this day
"August 09, 2463","August 09, 2463",01:12:40,02:12:40,JOHN DOE,At home,I motsly rested this day
"August 09, 2464","August 09, 2464",01:12:40,02:12:40,JOHN DOE,At home,I motsly rested this day
"August 09, 2465","August 09, 2465",01:12:40,02:12:40,JOHN DOE,At home,I motsly rested this day
"August 09, 2466","August 09, 2466",01:12:40,02:12:40,JOHN DOE,At home,I motsly rested this day
"August 09, 2467","August 09, 2467",01:12:40,02:12:40,JOHN DOE,At home,I motsly rested this day
"August 09, 2468","August 09, 2468",01:12:40,02:12:40,JOHN DOE,At home,I motsly rested this day
"August 09, 2469","August 09, 2469",01:12:40,02:12:40,JOHN DOE,At home,I motsly rested this day
"August 09, 2470","August 09, 2470",01:12:40,02:12:40,JOHN DOE,At home,I motsly rested this day
"August 09, 2471","August 09, 2471",01:12:40,02:12:40,JOHN DOE,At home,I motsly rested this day
"August 09, 2472","August 09, 2472",01:12:40,02:12:40,JOHN DOE,At home,I motsly rested this day
"August 09, 2473","August 09, 2473",01:12:40,02:12:40,JOHN DOE,At home,I motsly rested this day
"August 09, 2474","August 09, 2474",01:12:40,02:12:40,JOHN DOE,At home,I motsly rested this day
"August 09, 2475","August 09, 2475",01:12:40,02:12:40,JOHN DOE,At home,I motsly rested this day
"August 09, 2476","August 09, 2476",01:12:40,02:12:40,JOHN DOE,At home,I motsly rested this day
"August 09, 2477","August 09, 2477",01:12:40,02:12:40,JOHN DOE,At home,I motsly rested this day
"August 09, 2478","August 09, 2478",01:12:40,02:12:40,JOHN DOE,At home,I motsly rested this day
"August 09, 2479","August 09, 2479",01:12:40,02:12:40,JOHN DOE,At home,I motsly rested this day
"August 09, 2480","August 09, 2480",01:12:40,02:12:40,JOHN DOE,At home,I motsly rested this day
"August 09, 2481","August 09, 2481",01:12:40,02:12:40,JOHN DOE,At home,I motsly rested this day
"August 09, 2482","August 09, 2482",01:12:40,02:12:40,JOHN DOE,At home,I motsly rested this day
"August 09, 2483","August 09, 2483",01:12:40,02:12:40,JOHN DOE,At home,I motsly rested this day
"August 09, 2484","August 09, 2484",01:12:40,02:12:40,JOHN DOE,At home,I motsly rested this day
"August 09, 2485","August 09, 2485",01:12:40,02:12:40,JOHN DOE,At home,I motsly rested this day
"August 09, 2486","August 09, 2486",01:12:40,02:12:40,JOHN DOE,At home,I motsly rested this day
"August 09, 2487","August 09, 2487",01:12:40,02:12:40,JOHN DOE,At home,I motsly rested this day
"August 09, 2488","August 09, 2488",01:12:40,02:12:40,JOHN DOE,At home,I motsly rested this day
"August 09, 2489","August 09, 2489",01:12:40,02:12:40,JOHN DOE,At home,I motsly rested this day
"August 09, 2490","August 09, 2490",01:12:40,02:12:40,JOHN DOE,At home,I motsly rested this day
"August 09, 2491","August 09, 2491",01:12:40,02:12:40,JOHN DOE,At home,I motsly rested this day
"August 09, 2492","August 09, 2492",01:12:40,02:12:40,JOHN DOE,At home,I motsly rested this day
"August 09, 2493","August 09, 2493",01:12:40,02:12:40,JOHN DOE,At home,I motsly rested this day
"August 09, 2494","August 09, 2494",01:12:40,02:12:40,JOHN DOE,At home,I motsly rested this day
"August 09, 2495","August 09, 2495",01:12:40,02:12:40,JOHN DOE,At home,I motsly rested this day
"August 09, 2496","August 09, 2496",01:12:40,02:12:40,JOHN DOE,At home,I motsly rested this day
"August 09, 2497","August 09, 2497",01:12:40,02:12:40,JOHN DOE,At home,I motsly rested this day
"August 09, 2498","August 09, 2498",01:12:40,02:12:40,JOHN DOE,At home,I motsly rested this day
"August 09, 2499","August 09, 2499",01:12:40,02:12:40,JOHN DOE,At home,I motsly rested this day
"August 09, 2500","August 09, 2500",01:12:40,02:12:40,JOHN DOE,At home,I motsly rested this day
"August 09, 2501","August 09, 2501",01:12:40,02:12:40,JOHN DOE,At home,I motsly rested this day
"August 09, 2502","August 09, 2502",01:12:40,02:12:40,JOHN DOE,At home,I motsly rested this day
"August 09, 2503","August 09, 2503",01:12:40,02:12:40,JOHN DOE,At home,I motsly rested this day
"August 09, 2504","August 09, 2504",01:12:40,02:12:40,JOHN DOE,At home,I motsly rested this day
"August 09, 2505","August 09, 2505",01:12:40,02:12:40,JOHN DOE,At home,I motsly rested this day
"August 09, 2506","August 09, 2506",01:12:40,02:12:40,JOHN DOE,At home,I motsly rested this day
"August 09, 2507","August 09, 2507",01:12:40,02:12:40,JOHN DOE,At home,I motsly rested this day
"August 09, 2508","August 09, 2508",01:12:40,02:12:40,JOHN DOE,At home,I motsly rested this day
"August 09, 2509","August 09, 2509",01:12:40,02:12:40,JOHN DOE,At home,I motsly rested this day
"August 09, 2510","August 09, 2510",01:12:40,02:12:40,JOHN DOE,At home,I motsly rested this day
"August 09, 2511","August 09, 2511",01:12:40,02:12:40,JOHN DOE,At home,I motsly rested this day
"August 09, 2512","August 09, 2512",01:12:40,02:12:40,JOHN DOE,At home,I motsly rested this day
,,,,,,
,,,,,,
,,,,,,
,,,,,,
,,,,,,
,,,,,,
,,,,,,
,,,,,,
,,,,,,
,,,,,,
,,,,,,
,,,,,,
,,,,,,
,,,,,,
,,,,,,
,,,,,,
,,,,,,
,,,,,,
,,,,,,
,,,,,,
,,,,,,
,,,,,,
,,,,,,
,,,,,,
,,,,,,
,,,,,,
,,,,,,
,,,,,,
,,,,,,
,,,,,,
,,,,,,
,,,,,,
,,,,,,
,,,,,,
,,,,,,
,,,,,,
,,,,,,
,,,,,,
,,,,,,
,,,,,,
,,,,,,
,,,,,,
,,,,,,
,,,,,,
,,,,,,
,,,,,,
,,,,,,
,,,,,,
,,,,,,
,,,,,,
,,,,,,
,,,,,,
,,,,,,
,,,,,,
,,,,,,
,,,,,,
,,,,,,
,,,,,,
,,,,,,
,,,,,,
,,,,,,
,,,,,,
,,,,,,
,,,,,,
,,,,,,
,,,,,,
,,,,,,
,,,,,,
,,,,,,
,,,,,,
,,,,,,
,,,,,,
,,,,,,
,,,,,,
,,,,,,
,,,,,,
,,,,,,
,,,,,,
,,,,,,
,,,,,,
,,,,,,
,,,,,,
,,,,,,
,,,,,,
,,,,,,
,,,,,,
,,,,,,
,,,,,,
,,,,,,
,,,,,,
,,,,,,
,,,,,,
,,,,,,
,,,,,,
,,,,,,
,,,,,,
,,,,,,
,,,,,,
,,,,,,
,,,,,,
,,,,,,
,,,,,,
,,,,,,
,,,,,,
,,,,,,
,,,,,,
,,,,,,
,,,,,,
,,,,,,
,,,,,,
,,,,,,
,,,,,,
,,,,,,
,,,,,,
,,,,,,
,,,,,,
,,,,,,
,,,,,,
,,,,,,
,,,,,,
,,,,,,
,,,,,,
,,,,,,
,,,,,,
,,,,,,
,,,,,,
,,,,,,
,,,,,,
,,,,,,
,,,,,,
,,,,,,
,,,,,,
,,,,,,
,,,,,,
,,,,,,
,,,,,,
,,,,,,
,,,,,,
,,,,,,
,,,,,,
,,,,,,
,,,,,,
,,,,,,
,,,,,,
,,,,,,
,,,,,,
,,,,,,
,,,,,,
,,,,,,
,,,,,,
,,,,,,
,,,,,,
,,,,,,
,,,,,,
,,,,,,
,,,,,,
,,,,,,
,,,,,,
,,,,,,
,,,,,,
,,,,,,
,,,,,,
,,,,,,
,,,,,,
,,,,,,
,,,,,,
,,,,,,
,,,,,,
,,,,,,
,,,,,,
,,,,,,
,,,,,,
,,,,,,
,,,,,,
,,,,,,
,,,,,,
,,,,,,
,,,,,,
,,,,,,
,,,,,,
,,,,,,
,,,,,,
,,,,,,
,,,,,,
,,,,,,
,,,,,,
,,,,,,
,,,,,,
,,,,,,
,,,,,,
,,,,,,
,,,,,,
,,,,,,
,,,,,,
,,,,,,
,,,,,,
,,,,,,
,,,,,,
,,,,,,
,,,,,,
,,,,,,
,,,,,,
,,,,,,
,,,,,,
,,,,,,
,,,,,,
,,,,,,
,,,,,,
,,,,,,
,,,,,,
,,,,,,
,,,,,,
,,,,,,
,,,,,,
,,,,,,
,,,,,,
,,,,,,
,,,,,,
,,,,,,
,,,,,,
,,,,,,
,,,,,,
,,,,,,
,,,,,,
,,,,,,
,,,,,,
,,,,,,
,,,,,,
,,,,,,
,,,,,,
,,,,,,
,,,,,,
,,,,,,
,,,,,,
,,,,,,
,,,,,,
,,,,,,
,,,,,,
,,,,,,
,,,,,,
,,,,,,
,,,,,,
,,,,,,
,,,,,,
,,,,,,
,,,,,,
,,,,,,
,,,,,,
,,,,,,
,,,,,,
,,,,,,
,,,,,,
,,,,,,
,,,,,,
,,,,,,
,,,,,,
,,,,,,
,,,,,,
,,,,,,
,,,,,,
,,,,,,
,,,,,,
,,,,,,
,,,,,,
,,,,,,
,,,,,,
,,,,,,
,,,,,,
,,,,,,
,,,,,,
,,,,,,
,,,,,,
,,,,,,
,,,,,,
,,,,,,
,,,,,,
,,,,,,
,,,,,,
,,,,,,
,,,,,,
,,,,,,
,,,,,,
,,,,,,
,,,,,,
,,,,,,
,,,,,,
,,,,,,
,,,,,,
,,,,,,
,,,,,,
,,,,,,
,,,,,,
,,,,,,
,,,,,,
,,,,,,
,,,,,,
,,,,,,
,,,,,,
,,,,,,
,,,,,,
,,,,,,
,,,,,,
,,,,,,
,,,,,,
,,,,,,
,,,,,,
,,,,,,
,,,,,,
,,,,,,
,,,,,,
,,,,,,
,,,,,,
,,,,,,
,,,,,,
,,,,,,
,,,,,,
,,,,,,
,,,,,,
,,,,,,
,,,,,,
,,,,,,
,,,,,,
,,,,,,
,,,,,,
,,,,,,
,,,,,,
,,,,,,
,,,,,,
,,,,,,
,,,,,,
,,,,,,
,,,,,,
,,,,,,
,,,,,,
,,,,,,
,,,,,,
,,,,,,
,,,,,,
,,,,,,
,,,,,,
,,,,,,
,,,,,,
,,,,,,
,,,,,,
,,,,,,
,,,,,,
,,,,,,
,,,,,,
,,,,,,
,,,,,,
,,,,,,
,,,,,,
,,,,,,
,,,,,,
,,,,,,
,,,,,,
,,,,,,
,,,,,,
,,,,,,
,,,,,,
,,,,,,
,,,,,,
,,,,,,
,,,,,,
,,,,,,
,,,,,,
,,,,,,
,,,,,,
,,,,,,
,,,,,,
,,,,,,
,,,,,,
,,,,,,
,,,,,,
,,,,,,
,,,,,,
,,,,,,
,,,,,,
,,,,,,
,,,,,,
,,,,,,
,,,,,,
,,,,,,
,,,,,,
,,,,,,
,,,,,,
,,,,,,
,,,,,,
,,,,,,
,,,,,,
,,,,,,
,,,,,,
,,,,,,
,,,,,,
,,,,,,
,,,,,,
,,,,,,
,,,,,,
,,,,,,
,,,,,,
,,,,,,
,,,,,,
,,,,,,
,,,,,,
,,,,,,
,,,,,,
,,,,,,
,,,,,,
,,,,,,
,,,,,,
,,,,,,
,,,,,,
,,,,,,
,,,,,,
,,,,,,
,,,,,,
,,,,,,
,,,,,,
,,,,,,
,,,,,,
,,,,,,
,,,,,,
,,,,,,
,,,,,,
,,,,,,
,,,,,,
,,,,,,
,,,,,,
,,,,,,
,,,,,,
,,,,,,
,,,,,,
,,,,,,
,,,,,,
,,,,,,
,,,,,,
,,,,,,
,,,,,,
,,,,,,
,,,,,,
,,,,,,
,,,,,,
,,,,,,
,,,,,,
,,,,,,
,,,,,,
,,,,,,
,,,,,,
,,,,,,
,,,,,,
,,,,,,
,,,,,,
,,,,,,
,,,,,,
,,,,,,
,,,,,,
,,,,,,
,,,,,,
,,,,,,
,,,,,,
,,,,,,
,,,,,,
,,,,,,
,,,,,,
,,,,,,
,,,,,,
,,,,,,
,,,,,,
,,,,,,
,,,,,,
,,,,,,
,,,,,,
,,,,,,
,,,,,,
,,,,,,
,,,,,,
,,,,,,
,,,,,,
,,,,,,
,,,,,,
,,,,,,
,,,,,,
,,,,,,
,,,,,,
,,,,,,
,,,,,,
,,,,,,
,,,,,,
,,,,,,
,,,,,,
,,,,,,
,,,,,,
,,,,,,
,,,,,,
,,,,,,
,,,,,,
,,,,,,
,,,,,,
,,,,,,
,,,,,,
,,,,,,
